Workbook

Sheet 接送机
A1: 1、接机服务标准：不举牌，不进航站楼，在航站楼上车点按照车牌上车（客人需自行从航站楼国际到达根据指引走到上车点，出行前会建微信群，群内与司机沟通联络）
A2: 2、接机送达酒店标准：前台陪同办理入住，陪同客人拿到房卡后司机离开
A3: 3、送机用车服务标准：送机出发时间：航班起飞前3~4小时
A4: 4、注意：送机出发地点与时间一般在用车前3天左右，微信管家与客人二次确认。确认后无法更改，不接受对确定好时间和用车地点的临时调整
A5: 5、车辆车型不指定：7座商务车与10座商务车随机安排，婴儿也需要计算为占座人数
A6: 编号 | B6: 行程 | C6: 出发地 | D6: 结束地 | E6: 1~4人结算价 （单位：人民币/车次） | F6: 5~9人结算价 （单位：人民币/车次）
A7: 1 | B7: 接机 | C7: 大阪关西机场 | D7: 大阪市内酒店 | E7: 699 | F7: 999
A8: 2 | B8: 送机 | C8: 大阪市内酒店 | D8: 大阪关西机场 | E8: 699 | F8: 999
A9: 3 | B9: 接机 | C9: 大阪关西机场 | D9: 京都市内酒店 | E9: 1399 | F9: 1399
A10: 4 | B10: 送机 | C10: 京都市内酒店 | D10: 大阪关西机场 | E10: 1399 | F10: 1399
A11: 5 | B11: 接机 | C11: 东京羽田/成田机场 | D11: 东京市内酒店 | E11: 850 | F11: 1050
C12: （不区分机场，一口价）
A13: 6 | B13: 送机 | C13: 东京市内酒店 | D13: 东京羽田/成田机场 | E13: 800 | F13: 988
D14: （不区分机场，一口价）
A15: 7 | B15: 接机 | C15: 新千岁机场 | D15: 札幌市区酒店 | E15: 12.15-3.15 1750；其余日期1350 | F15: 12.15-3.15 1750；其余日期1350
A16: 8 | B16: 送机 | C16: 札幌市区酒店 | D16: 新千岁机场 | E16: 12.15-3.15 1750；其余日期1350 | F16: 12.15-3.15 1750；其余日期1350

Sheet 包车
A2: 包车线路 | B2: 车型 | C2: 包车价格（人民币）
A3: =[1]商品价格!A2 -> 富士山奥莱线 | B3: 10座海狮 | C3: =[1]商品价格!F2*8/1.15 -> 2434.7826
A4: =[1]商品价格!A3 -> 镰仓线 | B4: 10座海狮 | C4: =[1]商品价格!F3*8/1.15 -> 2434.7826
A5: =[1]商品价格!A4 -> 箱根线 | B5: 10座海狮 | C5: =[1]商品价格!F4*8/1.15 -> 2434.7826
A6: =[1]商品价格!A5 -> 镰仓线 | B6: 10座海狮 | C6: =[1]商品价格!F5*8/1.15 -> 2434.7826
A7: =[1]商品价格!A6 -> 日光线 | B7: 10座海狮 | C7: =[1]商品价格!F6*8/1.15 -> 2434.7826
A8: =[1]商品价格!A7 -> 双古都奈良京都线 | B8: 10座海狮 | C8: =[1]商品价格!F7*8/1.15 -> 2434.7826
A9: =[1]商品价格!A8 -> 岚山+伏见稻荷大社+清水寺 | B9: 10座海狮 | C9: =[1]商品价格!F8*8/1.15 -> 2434.7826
A10: =[1]商品价格!A9 -> 胜尾寺+神户港+有马温泉 | B10: 10座海狮 | C10: =[1]商品价格!F9*8/1.15 -> 2434.7826
A11: =[1]商品价格!A10 -> 三千院+贵船线路 | B11: 10座海狮 | C11: =[1]商品价格!F10*8/1.15 -> 2434.7826
A12: =[1]商品价格!A11 -> 旭川一日游 | B12: 10座海狮 | C12: =[1]商品价格!F11*8/1.15 -> 2434.7826
A13: =[1]商品价格!A12 -> 登别洞爷湖日游 | B13: 10座海狮 | C13: =[1]商品价格!F12*8/1.15 -> 2434.7826
A14: =[1]商品价格!A13 -> 小樽日游 | B14: 10座海狮 | C14: =[1]商品价格!F13*8/1.15 -> 2434.7826
... A17: =[1]商品价格!A16 -> 天桥立日游 | B17: 10座海狮 | C17: =[1]商品价格!F16*8/1.15 -> 3478.2609
